<application>
  <component name="FileTypeManager" version="19">
    <extensionMap>
      <removed_mapping ext="apk" approved="true" type="ARCHIVE" />
      <removed_mapping ext="env" approved="true" type=".env file" />
      <removed_mapping ext="psd" approved="true" type="Image" />
      <removed_mapping pattern=".env.*" approved="true" type=".env file" />
      <mapping ext="env" type="Env File" />
      <mapping pattern=".env.*" type="Env File" />
    </extensionMap>
  </component>
</application>