<application>
  <component name="Trusted.Paths">
    <option name="TRUSTED_PROJECT_PATHS">
      <map>
        <entry key="$USER_HOME$/Master Degree/Big Data/Task 6/demo/demo" value="true" />
        <entry key="$USER_HOME$/Master Degree/Big Data/Task 6/kafka-streams-examples" value="true" />
        <entry key="$USER_HOME$/Master Degree/Intern/person-search" value="true" />
        <entry key="$USER_HOME$/Master Degree/Object-Oriented-Programming" value="true" />
        <entry key="$USER_HOME$/Master Degree/Object-Oriented-Programming/Project 1" value="true" />
        <entry key="$USER_HOME$/Master Degree/Object-Oriented-Programming/Week9_lab" value="true" />
        <entry key="$USER_HOME$/Master Degree/Technology-Innovation-Project/ping_service" value="true" />
        <entry key="$USER_HOME$/game/fish-hunter/backend" value="true" />
        <entry key="$USER_HOME$/game/parcheesi/backend" value="true" />
        <entry key="$USER_HOME$/generations-app/generations-backend" value="true" />
        <entry key="$USER_HOME$/generations-app/sport-share-mobile/android" value="true" />
        <entry key="$USER_HOME$/learning/design_pattern" value="true" />
        <entry key="$USER_HOME$/learning/leetcode" value="true" />
        <entry key="$USER_HOME$/learning/test" value="true" />
        <entry key="$USER_HOME$/learning/vidieukhien" value="true" />
        <entry key="$USER_HOME$/outsource/common" value="true" />
        <entry key="$USER_HOME$/outsource/shipping/backend" value="true" />
        <entry key="$USER_HOME$/versehub/arb_transaction_crawler" value="true" />
        <entry key="$USER_HOME$/versehub/arbix" value="true" />
        <entry key="$USER_HOME$/versehub/arbx-master-fund" value="true" />
        <entry key="$USER_HOME$/versehub/arbx_crawler" value="true" />
        <entry key="$USER_HOME$/versehub/backend/bef-admin" value="true" />
        <entry key="$USER_HOME$/versehub/backend/bef-bsc-listener" value="true" />
        <entry key="$USER_HOME$/versehub/backend/bef-commons" value="true" />
        <entry key="$USER_HOME$/versehub/backend/bef-earning" value="true" />
        <entry key="$USER_HOME$/versehub/backend/bef-fitx" value="true" />
        <entry key="$USER_HOME$/versehub/backend/bef-id" value="true" />
        <entry key="$USER_HOME$/versehub/backend/bef-pet-race" value="true" />
        <entry key="$USER_HOME$/versehub/backend/bef-quest" value="true" />
        <entry key="$USER_HOME$/versehub/backend/bef-social" value="true" />
        <entry key="$USER_HOME$/versehub/backend/bef-ting-ting" value="true" />
        <entry key="$USER_HOME$/versehub/backend/bef-tournament" value="true" />
        <entry key="$USER_HOME$/versehub/backend/deodd" value="true" />
        <entry key="$USER_HOME$/versehub/backend/vh-commons" value="true" />
        <entry key="$USER_HOME$/versehub/backend/vh-commons/pgpool" value="true" />
        <entry key="$USER_HOME$/versehub/backend/vh-parent" value="true" />
        <entry key="$USER_HOME$/versehub/bas/bridge-demo" value="true" />
        <entry key="$USER_HOME$/versehub/gamton/gamton-master-fund" value="true" />
      </map>
    </option>
  </component>
  <component name="Trusted.Paths.Settings">
    <option name="TRUSTED_PATHS">
      <list>
        <option value="$USER_HOME$/game/parcheesi" />
        <option value="$USER_HOME$/versehub/backend" />
        <option value="$USER_HOME$/game/fish-hunter" />
        <option value="$USER_HOME$/versehub/bas" />
        <option value="$USER_HOME$/outsource" />
        <option value="$USER_HOME$/learning" />
        <option value="$USER_HOME$/generations-app" />
        <option value="$USER_HOME$/Master Degree" />
        <option value="$USER_HOME$/versehub" />
      </list>
    </option>
  </component>
</application>