<application>
  <component name="DimensionService">
    <location key="find.popup.-156.-1080.1920.1080" x="571" y="-920" />
    <location key="find.popup.0.0.3024.1964@192dpi" x="1156" y="318" />
    <location key="find.popup.0.0.1920.1080" x="842" y="350" />
    <location key="find.popup.234.2160.3024.1964@192dpi" x="1324" y="2460" />
    <location key="find.popup.-332.-1080.1920.1080" x="360" y="-929" />
    <location key="find.popup.465.-1080.1920.1080" x="1157" y="-920" />
    <location key="find.popup.-1920.-741.1920.1080" x="-1193" y="-581" />
    <location key="find.popup.305.-1080.1920.1080" x="997" y="-920" />
    <location key="find.popup.0.0.2560.1440@120dpi" x="804" y="79" />
    <location key="find.popup.0.0.3024.1964@240dpi" x="950" y="146" />
    <location key="find.popup.-3024.1410.3024.1964@240dpi" x="-2074" y="1562" />
    <size key="GridCell.Tab.0.right.-156.-1080.1920.1080" width="1876" height="349" />
    <size key="GridCell.Tab.0.left.-156.-1080.1920.1080" width="1876" height="349" />
    <size key="GridCell.Tab.0.center.-156.-1080.1920.1080" width="1876" height="349" />
    <size key="GridCell.Tab.0.bottom.-156.-1080.1920.1080" width="1876" height="349" />
    <size key="GridCell.Tab.1.left.-156.-1080.1920.1080" width="1876" height="349" />
    <size key="GridCell.Tab.1.center.-156.-1080.1920.1080" width="1876" height="349" />
    <size key="GridCell.Tab.1.right.-156.-1080.1920.1080" width="1876" height="349" />
    <size key="GridCell.Tab.1.bottom.-156.-1080.1920.1080" width="1876" height="349" />
    <size key="GridCell.Tab.2.left.-156.-1080.1920.1080" width="1876" height="349" />
    <size key="GridCell.Tab.2.center.-156.-1080.1920.1080" width="1876" height="349" />
    <size key="GridCell.Tab.2.right.-156.-1080.1920.1080" width="1876" height="349" />
    <size key="GridCell.Tab.2.bottom.-156.-1080.1920.1080" width="1876" height="349" />
    <size key="find.popup.-156.-1080.1920.1080" width="582" height="735" />
    <size key="GridCell.Tab.0.left.0.0.3024.1964@192dpi" width="5032" height="838" />
    <size key="GridCell.Tab.0.center.0.0.3024.1964@192dpi" width="5032" height="838" />
    <size key="GridCell.Tab.0.right.0.0.3024.1964@192dpi" width="5032" height="838" />
    <size key="GridCell.Tab.0.bottom.0.0.3024.1964@192dpi" width="5032" height="838" />
    <size key="GridCell.Tab.1.left.0.0.3024.1964@192dpi" width="2936" height="1028" />
    <size key="GridCell.Tab.1.center.0.0.3024.1964@192dpi" width="2936" height="1028" />
    <size key="GridCell.Tab.1.right.0.0.3024.1964@192dpi" width="2936" height="1028" />
    <size key="GridCell.Tab.1.bottom.0.0.3024.1964@192dpi" width="2936" height="1028" />
    <size key="GridCell.Tab.2.left.0.0.3024.1964@192dpi" width="2358" height="670" />
    <size key="GridCell.Tab.2.center.0.0.3024.1964@192dpi" width="2358" height="670" />
    <size key="GridCell.Tab.2.right.0.0.3024.1964@192dpi" width="2358" height="670" />
    <size key="GridCell.Tab.2.bottom.0.0.3024.1964@192dpi" width="2358" height="670" />
    <size key="find.popup.0.0.3024.1964@192dpi" width="1164" height="1064" />
    <size key="find.popup.0.0.1920.1080" width="725" height="595" />
    <size key="GridCell.Tab.0.right.0.0.1920.1080" width="1820" height="393" />
    <size key="GridCell.Tab.0.left.0.0.1920.1080" width="1820" height="393" />
    <size key="GridCell.Tab.0.center.0.0.1920.1080" width="1820" height="393" />
    <size key="GridCell.Tab.0.bottom.0.0.1920.1080" width="1820" height="393" />
    <size key="GridCell.Tab.1.left.0.0.1920.1080" width="1820" height="393" />
    <size key="GridCell.Tab.1.center.0.0.1920.1080" width="1820" height="393" />
    <size key="GridCell.Tab.1.right.0.0.1920.1080" width="1820" height="393" />
    <size key="GridCell.Tab.1.bottom.0.0.1920.1080" width="1820" height="393" />
    <size key="GridCell.Tab.2.left.0.0.1920.1080" width="1523" height="426" />
    <size key="GridCell.Tab.2.center.0.0.1920.1080" width="1523" height="426" />
    <size key="GridCell.Tab.2.right.0.0.1920.1080" width="1523" height="426" />
    <size key="GridCell.Tab.2.bottom.0.0.1920.1080" width="1523" height="426" />
    <size key="GridCell.Tab.0.right.-122.-1080.1920.1080" width="1876" height="309" />
    <size key="GridCell.Tab.0.left.-122.-1080.1920.1080" width="1876" height="309" />
    <size key="GridCell.Tab.0.center.-122.-1080.1920.1080" width="1876" height="309" />
    <size key="GridCell.Tab.0.bottom.-122.-1080.1920.1080" width="1876" height="309" />
    <size key="GridCell.Tab.1.left.-122.-1080.1920.1080" width="1876" height="309" />
    <size key="GridCell.Tab.1.center.-122.-1080.1920.1080" width="1876" height="309" />
    <size key="GridCell.Tab.1.right.-122.-1080.1920.1080" width="1876" height="309" />
    <size key="GridCell.Tab.1.bottom.-122.-1080.1920.1080" width="1876" height="309" />
    <size key="GridCell.Tab.2.left.-122.-1080.1920.1080" width="1876" height="309" />
    <size key="GridCell.Tab.2.center.-122.-1080.1920.1080" width="1876" height="309" />
    <size key="GridCell.Tab.2.right.-122.-1080.1920.1080" width="1876" height="309" />
    <size key="GridCell.Tab.2.bottom.-122.-1080.1920.1080" width="1876" height="309" />
    <size key="GridCell.Tab.0.left.234.2160.3024.1964@192dpi" width="2936" height="640" />
    <size key="GridCell.Tab.0.center.234.2160.3024.1964@192dpi" width="2936" height="640" />
    <size key="GridCell.Tab.0.right.234.2160.3024.1964@192dpi" width="2936" height="640" />
    <size key="GridCell.Tab.0.bottom.234.2160.3024.1964@192dpi" width="2936" height="640" />
    <size key="GridCell.Tab.1.left.234.2160.3024.1964@192dpi" width="2936" height="640" />
    <size key="GridCell.Tab.1.center.234.2160.3024.1964@192dpi" width="2936" height="640" />
    <size key="GridCell.Tab.1.right.234.2160.3024.1964@192dpi" width="2936" height="640" />
    <size key="GridCell.Tab.1.bottom.234.2160.3024.1964@192dpi" width="2936" height="640" />
    <size key="GridCell.Tab.2.left.234.2160.3024.1964@192dpi" width="3140" height="592" />
    <size key="GridCell.Tab.2.center.234.2160.3024.1964@192dpi" width="3140" height="592" />
    <size key="GridCell.Tab.2.right.234.2160.3024.1964@192dpi" width="3140" height="592" />
    <size key="GridCell.Tab.2.bottom.234.2160.3024.1964@192dpi" width="3140" height="592" />
    <size key="find.popup.234.2160.3024.1964@192dpi" width="1236" height="980" />
    <size key="GridCell.Tab.3.left.0.0.3024.1964@192dpi" width="2832" height="698" />
    <size key="GridCell.Tab.3.center.0.0.3024.1964@192dpi" width="2832" height="698" />
    <size key="GridCell.Tab.3.right.0.0.3024.1964@192dpi" width="2832" height="698" />
    <size key="GridCell.Tab.3.bottom.0.0.3024.1964@192dpi" width="2832" height="698" />
    <size key="GridCell.Tab.0.right.-332.-1080.1920.1080" width="1570" height="353" />
    <size key="GridCell.Tab.0.left.-332.-1080.1920.1080" width="1570" height="353" />
    <size key="GridCell.Tab.0.center.-332.-1080.1920.1080" width="1570" height="353" />
    <size key="GridCell.Tab.0.bottom.-332.-1080.1920.1080" width="1570" height="353" />
    <size key="GridCell.Tab.1.left.-332.-1080.1920.1080" width="1570" height="353" />
    <size key="GridCell.Tab.1.center.-332.-1080.1920.1080" width="1570" height="353" />
    <size key="GridCell.Tab.1.right.-332.-1080.1920.1080" width="1570" height="353" />
    <size key="GridCell.Tab.1.bottom.-332.-1080.1920.1080" width="1570" height="353" />
    <size key="GridCell.Tab.2.left.-332.-1080.1920.1080" width="1570" height="353" />
    <size key="GridCell.Tab.2.center.-332.-1080.1920.1080" width="1570" height="353" />
    <size key="GridCell.Tab.2.right.-332.-1080.1920.1080" width="1570" height="353" />
    <size key="GridCell.Tab.2.bottom.-332.-1080.1920.1080" width="1570" height="353" />
    <size key="find.popup.-332.-1080.1920.1080" width="751" height="735" />
    <size key="GridCell.Tab.0.right.-1920.-724.1920.1080" width="1570" height="397" />
    <size key="GridCell.Tab.0.left.-1920.-724.1920.1080" width="1570" height="397" />
    <size key="GridCell.Tab.0.center.-1920.-724.1920.1080" width="1570" height="397" />
    <size key="GridCell.Tab.0.bottom.-1920.-724.1920.1080" width="1570" height="397" />
    <size key="GridCell.Tab.1.left.-1920.-724.1920.1080" width="1570" height="397" />
    <size key="GridCell.Tab.1.center.-1920.-724.1920.1080" width="1570" height="397" />
    <size key="GridCell.Tab.1.right.-1920.-724.1920.1080" width="1570" height="397" />
    <size key="GridCell.Tab.1.bottom.-1920.-724.1920.1080" width="1570" height="397" />
    <size key="GridCell.Tab.2.left.-1920.-724.1920.1080" width="1570" height="397" />
    <size key="GridCell.Tab.2.center.-1920.-724.1920.1080" width="1570" height="397" />
    <size key="GridCell.Tab.2.right.-1920.-724.1920.1080" width="1570" height="397" />
    <size key="GridCell.Tab.2.bottom.-1920.-724.1920.1080" width="1570" height="397" />
    <size key="GridCell.Tab.0.left.465.-1080.1920.1080" width="1570" height="397" />
    <size key="GridCell.Tab.0.center.465.-1080.1920.1080" width="1570" height="397" />
    <size key="GridCell.Tab.0.right.465.-1080.1920.1080" width="1570" height="397" />
    <size key="GridCell.Tab.0.bottom.465.-1080.1920.1080" width="1570" height="397" />
    <size key="GridCell.Tab.1.left.465.-1080.1920.1080" width="1570" height="397" />
    <size key="GridCell.Tab.1.center.465.-1080.1920.1080" width="1570" height="397" />
    <size key="GridCell.Tab.1.right.465.-1080.1920.1080" width="1570" height="397" />
    <size key="GridCell.Tab.1.bottom.465.-1080.1920.1080" width="1570" height="397" />
    <size key="GridCell.Tab.2.left.465.-1080.1920.1080" width="1570" height="397" />
    <size key="GridCell.Tab.2.center.465.-1080.1920.1080" width="1570" height="397" />
    <size key="GridCell.Tab.2.right.465.-1080.1920.1080" width="1570" height="397" />
    <size key="GridCell.Tab.2.bottom.465.-1080.1920.1080" width="1570" height="397" />
    <size key="find.popup.465.-1080.1920.1080" width="740" height="594" />
    <size key="GridCell.Tab.3.left.0.0.1920.1080" width="1876" height="320" />
    <size key="GridCell.Tab.3.center.0.0.1920.1080" width="1876" height="320" />
    <size key="GridCell.Tab.3.right.0.0.1920.1080" width="1876" height="320" />
    <size key="GridCell.Tab.3.bottom.0.0.1920.1080" width="1876" height="320" />
    <size key="GridCell.Tab.0.left.-1920.-741.1920.1080" width="1524" height="353" />
    <size key="GridCell.Tab.0.center.-1920.-741.1920.1080" width="1524" height="353" />
    <size key="GridCell.Tab.0.right.-1920.-741.1920.1080" width="1524" height="353" />
    <size key="GridCell.Tab.0.bottom.-1920.-741.1920.1080" width="1524" height="353" />
    <size key="GridCell.Tab.1.left.-1920.-741.1920.1080" width="1524" height="353" />
    <size key="GridCell.Tab.1.center.-1920.-741.1920.1080" width="1524" height="353" />
    <size key="GridCell.Tab.1.right.-1920.-741.1920.1080" width="1524" height="353" />
    <size key="GridCell.Tab.1.bottom.-1920.-741.1920.1080" width="1524" height="353" />
    <size key="GridCell.Tab.2.left.-1920.-741.1920.1080" width="1524" height="353" />
    <size key="GridCell.Tab.2.center.-1920.-741.1920.1080" width="1524" height="353" />
    <size key="GridCell.Tab.2.right.-1920.-741.1920.1080" width="1524" height="353" />
    <size key="GridCell.Tab.2.bottom.-1920.-741.1920.1080" width="1524" height="353" />
    <size key="find.popup.-1920.-741.1920.1080" width="720" height="595" />
    <size key="GridCell.Tab.0.left.-1920.-98.1920.1080" width="1181" height="277" />
    <size key="GridCell.Tab.0.center.-1920.-98.1920.1080" width="1181" height="277" />
    <size key="GridCell.Tab.0.right.-1920.-98.1920.1080" width="1181" height="277" />
    <size key="GridCell.Tab.0.bottom.-1920.-98.1920.1080" width="1181" height="277" />
    <size key="GridCell.Tab.1.left.-1920.-98.1920.1080" width="1181" height="277" />
    <size key="GridCell.Tab.1.center.-1920.-98.1920.1080" width="1181" height="277" />
    <size key="GridCell.Tab.1.right.-1920.-98.1920.1080" width="1181" height="277" />
    <size key="GridCell.Tab.1.bottom.-1920.-98.1920.1080" width="1181" height="277" />
    <size key="GridCell.Tab.2.left.-1920.-98.1920.1080" width="1181" height="277" />
    <size key="GridCell.Tab.2.center.-1920.-98.1920.1080" width="1181" height="277" />
    <size key="GridCell.Tab.2.right.-1920.-98.1920.1080" width="1181" height="277" />
    <size key="GridCell.Tab.2.bottom.-1920.-98.1920.1080" width="1181" height="277" />
    <size key="GridCell.Tab.0.left.312.2160.3024.1964@192dpi" width="3048" height="706" />
    <size key="GridCell.Tab.0.center.312.2160.3024.1964@192dpi" width="3048" height="706" />
    <size key="GridCell.Tab.0.right.312.2160.3024.1964@192dpi" width="3048" height="706" />
    <size key="GridCell.Tab.0.bottom.312.2160.3024.1964@192dpi" width="3048" height="706" />
    <size key="GridCell.Tab.1.left.312.2160.3024.1964@192dpi" width="3048" height="706" />
    <size key="GridCell.Tab.1.center.312.2160.3024.1964@192dpi" width="3048" height="706" />
    <size key="GridCell.Tab.1.right.312.2160.3024.1964@192dpi" width="3048" height="706" />
    <size key="GridCell.Tab.1.bottom.312.2160.3024.1964@192dpi" width="3048" height="706" />
    <size key="GridCell.Tab.2.left.312.2160.3024.1964@192dpi" width="3048" height="706" />
    <size key="GridCell.Tab.2.center.312.2160.3024.1964@192dpi" width="3048" height="706" />
    <size key="GridCell.Tab.2.right.312.2160.3024.1964@192dpi" width="3048" height="706" />
    <size key="GridCell.Tab.2.bottom.312.2160.3024.1964@192dpi" width="3048" height="706" />
    <size key="GridCell.Tab.0.right.305.-1080.1920.1080" width="1570" height="378" />
    <size key="GridCell.Tab.0.left.305.-1080.1920.1080" width="1570" height="378" />
    <size key="GridCell.Tab.0.center.305.-1080.1920.1080" width="1570" height="378" />
    <size key="GridCell.Tab.0.bottom.305.-1080.1920.1080" width="1570" height="378" />
    <size key="GridCell.Tab.1.left.305.-1080.1920.1080" width="1570" height="378" />
    <size key="GridCell.Tab.1.center.305.-1080.1920.1080" width="1570" height="378" />
    <size key="GridCell.Tab.1.right.305.-1080.1920.1080" width="1570" height="378" />
    <size key="GridCell.Tab.1.bottom.305.-1080.1920.1080" width="1570" height="378" />
    <size key="GridCell.Tab.2.left.305.-1080.1920.1080" width="1570" height="378" />
    <size key="GridCell.Tab.2.center.305.-1080.1920.1080" width="1570" height="378" />
    <size key="GridCell.Tab.2.right.305.-1080.1920.1080" width="1570" height="378" />
    <size key="GridCell.Tab.2.bottom.305.-1080.1920.1080" width="1570" height="378" />
    <size key="find.popup.305.-1080.1920.1080" width="744" height="595" />
    <size key="GridCell.Tab.0.right.0.0.2560.1440" width="2516" height="514" />
    <size key="GridCell.Tab.0.left.0.0.2560.1440" width="2516" height="514" />
    <size key="GridCell.Tab.0.center.0.0.2560.1440" width="2516" height="514" />
    <size key="GridCell.Tab.0.bottom.0.0.2560.1440" width="2516" height="514" />
    <size key="GridCell.Tab.1.left.0.0.2560.1440" width="2516" height="514" />
    <size key="GridCell.Tab.1.center.0.0.2560.1440" width="2516" height="514" />
    <size key="GridCell.Tab.1.right.0.0.2560.1440" width="2516" height="514" />
    <size key="GridCell.Tab.1.bottom.0.0.2560.1440" width="2516" height="514" />
    <size key="GridCell.Tab.0.right.0.0.2560.1440@120dpi" width="2508" height="362" />
    <size key="GridCell.Tab.0.left.0.0.2560.1440@120dpi" width="2508" height="362" />
    <size key="GridCell.Tab.0.center.0.0.2560.1440@120dpi" width="2508" height="362" />
    <size key="GridCell.Tab.0.bottom.0.0.2560.1440@120dpi" width="2508" height="362" />
    <size key="GridCell.Tab.1.left.0.0.2560.1440@120dpi" width="2508" height="362" />
    <size key="GridCell.Tab.1.center.0.0.2560.1440@120dpi" width="2508" height="362" />
    <size key="GridCell.Tab.1.right.0.0.2560.1440@120dpi" width="2508" height="362" />
    <size key="GridCell.Tab.1.bottom.0.0.2560.1440@120dpi" width="2508" height="362" />
    <size key="GridCell.Tab.0.right.0.0.3024.1964@240dpi" width="5016" height="822" />
    <size key="GridCell.Tab.0.left.0.0.3024.1964@240dpi" width="5016" height="822" />
    <size key="GridCell.Tab.0.center.0.0.3024.1964@240dpi" width="5016" height="822" />
    <size key="GridCell.Tab.0.bottom.0.0.3024.1964@240dpi" width="5016" height="822" />
    <size key="GridCell.Tab.1.left.0.0.3024.1964@240dpi" width="2920" height="724" />
    <size key="GridCell.Tab.1.center.0.0.3024.1964@240dpi" width="2920" height="724" />
    <size key="GridCell.Tab.1.right.0.0.3024.1964@240dpi" width="2920" height="724" />
    <size key="GridCell.Tab.1.bottom.0.0.3024.1964@240dpi" width="2920" height="724" />
    <size key="find.popup.0.0.2560.1440@120dpi" width="745" height="680" />
    <size key="find.popup.0.0.3024.1964@240dpi" width="1436" height="1208" />
    <size key="GridCell.Tab.2.left.0.0.2560.1440@120dpi" width="2508" height="503" />
    <size key="GridCell.Tab.2.center.0.0.2560.1440@120dpi" width="2508" height="503" />
    <size key="GridCell.Tab.2.right.0.0.2560.1440@120dpi" width="2508" height="503" />
    <size key="GridCell.Tab.2.bottom.0.0.2560.1440@120dpi" width="2508" height="503" />
    <size key="GridCell.Tab.3.left.0.0.2560.1440@120dpi" width="1460" height="316" />
    <size key="GridCell.Tab.3.center.0.0.2560.1440@120dpi" width="1460" height="316" />
    <size key="GridCell.Tab.3.right.0.0.2560.1440@120dpi" width="1460" height="316" />
    <size key="GridCell.Tab.3.bottom.0.0.2560.1440@120dpi" width="1460" height="316" />
    <size key="GridCell.Tab.2.left.0.0.3024.1964@240dpi" width="2920" height="632" />
    <size key="GridCell.Tab.2.center.0.0.3024.1964@240dpi" width="2920" height="632" />
    <size key="GridCell.Tab.2.right.0.0.3024.1964@240dpi" width="2920" height="632" />
    <size key="GridCell.Tab.2.bottom.0.0.3024.1964@240dpi" width="2920" height="632" />
    <size key="GridCell.Tab.3.left.0.0.3024.1964@240dpi" width="2920" height="632" />
    <size key="GridCell.Tab.3.center.0.0.3024.1964@240dpi" width="2920" height="632" />
    <size key="GridCell.Tab.3.right.0.0.3024.1964@240dpi" width="2920" height="632" />
    <size key="GridCell.Tab.3.bottom.0.0.3024.1964@240dpi" width="2920" height="632" />
    <size key="find.popup.-3024.1410.3024.1964@240dpi" width="1436" height="1812" />
    <size key="GridCell.Tab.0.left.-3024.1410.3024.1964@240dpi" width="3458" height="824" />
    <size key="GridCell.Tab.0.center.-3024.1410.3024.1964@240dpi" width="3458" height="824" />
    <size key="GridCell.Tab.0.right.-3024.1410.3024.1964@240dpi" width="3458" height="824" />
    <size key="GridCell.Tab.0.bottom.-3024.1410.3024.1964@240dpi" width="3458" height="824" />
    <size key="GridCell.Tab.-1.left.0.0.3024.1964@240dpi" width="2920" height="636" />
    <size key="GridCell.Tab.-1.center.0.0.3024.1964@240dpi" width="2920" height="636" />
    <size key="GridCell.Tab.-1.right.0.0.3024.1964@240dpi" width="2920" height="636" />
    <size key="GridCell.Tab.-1.bottom.0.0.3024.1964@240dpi" width="2920" height="636" />
    <size key="GridCell.Tab.-1.left.0.0.2560.1440@120dpi" width="2508" height="503" />
    <size key="GridCell.Tab.-1.center.0.0.2560.1440@120dpi" width="2508" height="503" />
    <size key="GridCell.Tab.-1.right.0.0.2560.1440@120dpi" width="2508" height="503" />
    <size key="GridCell.Tab.-1.bottom.0.0.2560.1440@120dpi" width="2508" height="503" />
    <size key="GridCell.Tab.0.left.-3024.1078.3024.1964@240dpi" width="5016" height="350" />
    <size key="GridCell.Tab.0.center.-3024.1078.3024.1964@240dpi" width="5016" height="350" />
    <size key="GridCell.Tab.0.right.-3024.1078.3024.1964@240dpi" width="5016" height="350" />
    <size key="GridCell.Tab.0.bottom.-3024.1078.3024.1964@240dpi" width="5016" height="350" />
    <size key="GridCell.Tab.1.left.-3024.1078.3024.1964@240dpi" width="5016" height="350" />
    <size key="GridCell.Tab.1.center.-3024.1078.3024.1964@240dpi" width="5016" height="350" />
    <size key="GridCell.Tab.1.right.-3024.1078.3024.1964@240dpi" width="5016" height="350" />
    <size key="GridCell.Tab.1.bottom.-3024.1078.3024.1964@240dpi" width="5016" height="350" />
  </component>
  <component name="WindowManager">
    <frame x="580" y="202" width="1980" height="1177" extendedState="6" />
  </component>
  <component name="WindowStateApplicationService">
    <state width="1063" height="127" key="ShowUsagesActions.dimensionServiceKey" timestamp="1725075713142">
      <screen x="0" y="25" width="2560" height="1355" />
    </state>
    <state width="629" height="127" key="ShowUsagesActions.dimensionServiceKey/-1512.314.1512.944/0.25.2560.1355" timestamp="1718062789039" />
    <state width="1063" height="127" key="ShowUsagesActions.dimensionServiceKey/-1512.577.1512.944/2560.-220.1440.2535/0.25.2560.1355" timestamp="1725075713142" />
    <state width="1063" height="865" key="ShowUsagesActions.dimensionServiceKey/-1512.743.1512.944/0.25.2560.1355" timestamp="1721100479056" />
    <state width="1251" height="124" key="ShowUsagesActions.dimensionServiceKey/0.38.1512.884" timestamp="1723358650315" />
    <state width="1024" height="98" key="ShowUsagesActions.dimensionServiceKey/0.38.1512.886" timestamp="1718614185801" />
    <state width="1128" height="254" key="ShowUsagesActions.dimensionServiceKey/0.38.1512.944" timestamp="1719964760262" />
    <state x="1280" y="684" width="1694" height="1247" key="WELCOME_SCREEN" timestamp="1725073315918">
      <screen x="0" y="25" width="2560" height="1355" />
    </state>
    <state x="1280" y="684" width="1694" height="1247" key="WELCOME_SCREEN/-1512.577.1512.944/2560.-220.1440.2535/0.25.2560.1355" timestamp="1725073315918" />
    <state x="1280" y="684" width="1694" height="1247" key="WELCOME_SCREEN/-1512.743.1512.944/0.25.2560.1355" timestamp="1721005962030" />
    <state x="756" y="467" width="1000" height="813" key="WELCOME_SCREEN/0.38.1512.884" timestamp="1723359226963" />
    <state x="1280" y="684" width="1694" height="1247" key="WELCOME_SCREEN/2560.-220.1440.2535/-1512.577.1512.944/0.25.2560.1355" timestamp="1723445064173" />
    <state width="376" height="638" key="manage.recent.projects.popup" timestamp="1725240289955">
      <screen x="0" y="25" width="2560" height="1355" />
    </state>
    <state width="375" height="637" key="manage.recent.projects.popup/-1512.314.1512.944/0.25.2560.1355" timestamp="1717116345298" />
    <state width="376" height="638" key="manage.recent.projects.popup/-1512.577.1512.944/2560.-220.1440.2535/0.25.2560.1355" timestamp="1725240289955" />
    <state width="376" height="638" key="manage.recent.projects.popup/-1512.743.1512.944/0.25.2560.1355" timestamp="1721037272086" />
    <state width="376" height="666" key="manage.recent.projects.popup/-1512.743.1512.944/0.25.2560.1415" timestamp="1719237572552" />
    <state width="376" height="638" key="manage.recent.projects.popup/0.25.2560.1355/-1512.577.1512.944/2560.-220.1440.2535" timestamp="1722654834506" />
    <state width="222" height="416" key="manage.recent.projects.popup/0.38.1512.884" timestamp="1721614284616" />
    <state width="223" height="418" key="manage.recent.projects.popup/0.38.1512.886" timestamp="1719747774371" />
    <state width="223" height="445" key="manage.recent.projects.popup/0.38.1512.944" timestamp="1721611562875" />
    <state width="376" height="638" key="manage.recent.projects.popup/2560.-720.1440.2535/-1512.496.1512.944/0.25.2560.1355" timestamp="1721345714562" />
  </component>
</application>