<keymap version="1" name="macOS copy" parent="Mac OS X 10.5+">
  <action id="CommentByLineComment">
    <keyboard-shortcut first-keystroke="meta slash" />
    <keyboard-shortcut first-keystroke="meta divide" />
    <keyboard-shortcut first-keystroke="ctrl slash" />
  </action>
  <action id="EditorLookupDown">
    <keyboard-shortcut first-keystroke="alt tab" />
  </action>
  <action id="EditorSplitLine" />
  <action id="FindInPath">
    <keyboard-shortcut first-keystroke="shift meta f" />
    <keyboard-shortcut first-keystroke="shift ctrl f" />
  </action>
  <action id="Git.Branches">
    <keyboard-shortcut first-keystroke="shift ctrl back_quote" />
  </action>
  <action id="ProblemsView.QuickFixes">
    <keyboard-shortcut first-keystroke="meta enter" />
  </action>
  <action id="QuickActionPopup">
    <keyboard-shortcut first-keystroke="meta enter" />
  </action>
  <action id="ResizeToolWindowLeft">
    <keyboard-shortcut first-keystroke="ctrl alt left" />
    <keyboard-shortcut first-keystroke="shift alt a" />
  </action>
  <action id="ResizeToolWindowRight">
    <keyboard-shortcut first-keystroke="ctrl alt right" />
    <keyboard-shortcut first-keystroke="shift alt d" />
  </action>
  <action id="ShowIntentionActions">
    <keyboard-shortcut first-keystroke="meta enter" />
  </action>
  <action id="ShowReformatFileDialog">
    <keyboard-shortcut first-keystroke="shift meta alt l" />
    <keyboard-shortcut first-keystroke="shift ctrl meta l" />
  </action>
</keymap>