<application>
  <component name="CodeInsightSettings">
    <option name="completionCaseSensitive" value="2" />
    <option name="COMPLETION_CASE_SENSITIVE" value="2" />
  </component>
  <component name="CodeVisionSettings">
    <option name="codeVisionGroupToPosition">
      <map>
        <entry key="inheritors" value="Default" />
        <entry key="problems" value="Default" />
        <entry key="references" value="Default" />
        <entry key="vcs.code.vision" value="Default" />
      </map>
    </option>
    <option name="disabledCodeVisionProviderIds">
      <set>
        <option value="references" />
        <option value="vcs.code.vision" />
      </set>
    </option>
  </component>
  <component name="EditorSettings">
    <option name="USE_SOFT_WRAPS" value="" />
  </component>
  <component name="InlayHintsSettings">
    <option name="lastViewedProviderKeyId" value=".references" />
  </component>
</application>