<application>
  <component name="FeatureSuggesterSettings">
    <option name="workingDays">
      <list>
        <option value="1660618196307" />
        <option value="1660703892629" />
        <option value="1661137786445" />
        <option value="1661223248962" />
        <option value="1661308030014" />
        <option value="1661397761246" />
        <option value="1661483577986" />
        <option value="1661740685372" />
        <option value="1661828199737" />
        <option value="1661911930626" />
        <option value="1662346227402" />
        <option value="1662432992743" />
        <option value="1662520425078" />
        <option value="1662608166209" />
        <option value="1662693162606" />
        <option value="1662951164711" />
        <option value="1663038548927" />
        <option value="1663557703257" />
        <option value="1663642743581" />
        <option value="1663726287015" />
        <option value="1663814432771" />
        <option value="1663901161071" />
        <option value="1664161915280" />
        <option value="1664244432110" />
        <option value="1664333489740" />
        <option value="1664421909245" />
        <option value="1664506598477" />
        <option value="1664763173936" />
        <option value="1664851331208" />
        <option value="1664940792812" />
      </list>
    </option>
  </component>
</application>