<application>
  <component name="MavenWrapperMapping">
    <option name="mapping">
      <map>
        <entry key="https://confluent-packaging-tools-891377121322-us-west-2.s3-us-west-2.amazonaws.com/apache-maven-3.8.1.2-bin.zip" value="$USER_HOME$/.m2/wrapper/dists/apache-maven-3.8.1.2-bin/7g5305dhqm8fr691ua1jicfaee/apache-maven-3.8.1.2" />
        <entry key="https://repo.maven.apache.org/maven2/org/apache/maven/apache-maven/3.8.2/apache-maven-3.8.2-bin.zip" value="$USER_HOME$/.m2/wrapper/dists/apache-maven-3.8.2-bin/1um3pu5poco57pibs3g92d6vrf/apache-maven-3.8.2" />
        <entry key="https://repo.maven.apache.org/maven2/org/apache/maven/apache-maven/3.8.4/apache-maven-3.8.4-bin.zip" value="$USER_HOME$/.m2/wrapper/dists/apache-maven-3.8.4-bin/52ccbt68d252mdldqsfsn03jlf/apache-maven-3.8.4" />
      </map>
    </option>
  </component>
</application>